temperature,field,magnetization
1.5607064635047139,-1.2594682846455214,-0.16473560200598067
3.807785794998673,0.16760378951343258,0.2973735559789359
2.95477637306448,1.4917833435056331,0.6875566519407408
2.434768088368443,0.9288995456382447,0.659671218967977
0.7084726977255024,1.226244591445799,0.9962774501837753
0.7083786293111903,0.6351334668428694,0.9804199347506524
0.3265260874559779,0.7691062580714099,0.9999606414956129
3.478086968522247,1.3967826062612771,0.5974095924349561
2.4443485457985146,-1.0013279645632562,-0.0005432794905162242
2.8614830534045774,-0.042300145427438096,0.3227255317791312
0.18027952775362954,-1.115162232721591,-0.564080686230273
3.8826484234317777,1.950672031986588,0.641055605088962
3.3465262991216447,1.776237358746453,0.6802546072061497
0.9281225316452769,-1.8422927545259764,-0.7199413567855776
0.8091173721076924,0.8223006900627539,0.9781218821574481
0.8152775884283918,1.7009932696626633,0.9973524617028374
1.2865447475421972,-1.2776986194906659,-0.2125575471609888
2.1465500833657276,0.27178092221051786,0.5316745423946035
1.7845855727042514,1.6619531903521674,0.9036254428872827
1.2357936467723636,-1.8642160856568046,-0.6039364253644156
2.48622628941728,0.7896810689873597,0.6168091729179874
0.6440260565429631,-0.8106039705097969,0.2858869133152772
1.239364129287351,1.6975847815061216,0.9745950730366365
1.5288111888453977,1.884232980661471,0.9550741895208282
1.8786729384464402,1.7770659564537357,0.9011313627259341
3.162186249432753,-0.10314313337014491,0.27625145161520437
0.878727750417603,1.4481706039572537,0.9924236826851202
2.1055143098130853,1.3781975941402815,0.8108511891938879
2.410416818561966,-0.7235981070269775,0.11416977580784539
0.28115660960799116,1.3156618966027094,0.9999998596675617
2.4694249224156097,-1.8519694611380295,-0.33194029011566983
0.765044082380437,0.38507951392821216,0.9478782807817296
0.35370121264259013,-1.0799646508491878,-0.22230502016800804
3.800653595288,-1.5177324568908848,-0.13538556370997906
3.8659649289907816,-1.6921871934831634,-0.17715737554466301
3.2527496576541983,0.785155103512559,0.499630928476068
1.2879936997761456,-0.6405001449277354,0.2720868689643091
0.48092124462489705,0.8990670861150458,0.9992570236284188
2.768508803397412,-1.7385746368042305,-0.2606233429226588
1.8165947255844452,-0.7388386486775587,0.1427819083363239
0.5759491158946374,0.15796516950134887,0.9647642938475353
2.0311899494339536,1.1628926593558542,0.7875093177607972
0.23411523234935175,-0.7249899882717203,0.8257660491938994
3.64634956810725,0.5035655057480364,0.39046464942549386
1.109241928240066,1.5439109929447485,0.979833713743899
2.68383690898053,0.46345275272921826,0.49697716865479236
1.3156731967487028,-1.068162100985465,-0.051761473260157724
2.1282652825934623,-1.902396873773848,-0.40029974757401826
2.2321700894387906,1.4803954956037195,0.8044874417189023
0.8209323765495554,-1.9149223565984514,-0.805644425417947
3.881380048281778,1.4988066907367976,0.5674768707181478
3.1230180111083468,0.11574853610884794,0.3428036916890503
3.7640458721003376,1.7562707940515847,0.624447759594066
3.5898266666678302,1.1951329430946616,0.5451731076313865
2.431809917363232,1.9917364421333499,0.8426520985904649
3.6953095165901555,-0.5971527381931594,0.10858601614421255
0.44512075800248607,1.0687531557245076,0.999816296819284
0.8643331634346663,-0.39227634556303137,0.6063398369326335
0.2763864267510985,-0.08049751878436462,0.9974249510693554
1.368788289976731,0.5100218528734803,0.8016388965952435
1.6158414297889798,1.494708456745355,0.912774507750899
1.1582612239181942,1.9363338767971805,0.9875166396420474
3.3320762856925246,1.0730936554580728,0.5526320465283245
1.4913379741049984,-0.32893287133066496,0.42187973585371374
1.195644587780785,-0.3145719908917193,0.5177572448882952
2.216514724317169,0.950329206355566,0.7063732660476102
0.6496044774015742,-1.0448914169267907,-0.06899597135102291
3.2285682249407546,-1.5581035474744214,-0.17116259546557455
0.3907475103511062,-0.5815113694368939,0.7898357945128156
3.9488590527420175,-0.8510440333836731,0.037703386041164834
3.111754600256964,-0.8147675181760397,0.05945648974984391
0.8749911579832723,-1.0655689958003602,-0.07479679727582468
0.12153625678204936,-1.8316272414545525,-0.9999977217602524
3.2802995709738534,-1.9285042610663448,-0.2757299255351986
2.856743641005707,1.9508895589441262,0.7750910518629834
2.9431279553598504,-0.2889074650565506,0.2370169711062211
3.1079543520751884,-0.4626934113612733,0.17117910199145406
0.38877414176295244,0.7185891307722794,0.9997107052649422
1.4980163413226633,-1.1269844485397433,-0.08456594239440662
0.5518893321480058,1.7998447358009013,0.999921568993974
3.466103360914815,1.1453800576622082,0.5504036503863854
2.530862694627476,-1.642355990750962,-0.2484959213380059
1.3905022969253318,-0.32967689686028656,0.44790197648892704
0.34787756611549214,1.5164732302486588,0.9999989580672699
1.3128310546910826,1.7789280891656412,0.9714111827664338
1.3682149559043135,-0.1303939550005211,0.5618805033582831
2.94546409551845,0.4536455568428308,0.45700577253128205
2.586474138285331,-1.331864215631699,-0.12760807545397165
3.5601296960476736,1.9646745045479062,0.6819463323722219
1.9416382081316024,-1.0733131944662264,-0.03774048799708005
0.5664175591593766,1.7709270965405026,0.9998873193600006
2.8816546701696804,0.5985865959694738,0.5040688351113677
3.0670616896059,0.4309471795154365,0.4354100926477083
2.2889810705210354,0.05075404406603434,0.4293086509676714
3.106772001822788,-1.0773207531289652,-0.024882673334079508
2.025802825821124,-1.293887871977967,-0.14406306447387307
2.1386580345897768,-1.1180551637192986,-0.05514458085098652
1.7674099715983436,-1.254246951422982,-0.14286870991089193
0.19913459430197122,1.1183378942670132,0.9999999988486046
0.5207765652738874,-0.5994989633330796,0.6463742646521814
0.2225738241782636,-1.7686292937464145,-0.997999961971661
2.5820006039287438,1.8764105205632453,0.805480198256171
1.3259883261976741,1.5351435398537028,0.9572438523870667
2.0834256955423407,1.7110091327808519,0.8620386177935796
3.6395092483117626,1.9796312905857412,0.6743564558149421
1.0722396936806122,-1.3044190031220508,-0.27651950953010196
1.700493399838956,-0.415031924389365,0.33104287239318436
3.0466494403178896,1.0329539028163652,0.5831847187869608
0.9923128454173276,0.7840824722151689,0.9465884433840404
0.4002216483322927,-1.3844163746405798,-0.7445036875201201
1.2300306663636953,1.263332499962471,0.9508010794635585
0.7287630202906172,-1.1022377126533573,-0.13937621839562195
3.725820844136035,-1.1047295407095077,-0.028101717915805267
3.251669480301226,0.1478976915736543,0.33904929472120127
2.5702746503906515,0.3717597393668126,0.4882055389933766
3.498696301732099,0.3203448313512447,0.3604316833997089
3.2343210999065466,-1.6340526504089805,-0.1935655444035752
0.8276232296555397,1.5098434505215215,0.9953660986096602
3.580980094110913,-0.9375998296451757,0.01742368112235611
2.2034347434710377,-1.4819403148687833,-0.2152999237774306
3.2490166051398437,1.5549923194759088,0.656358792508936
3.5947560697016234,1.8226059929190135,0.6556818072394024
1.3402135523902692,1.4485104690618025,0.9495273643055765
0.5292025056579394,1.2380642988995123,0.9995758052032533
0.9889471339135725,0.6209679225560869,0.9273444771062465
1.7657203756423996,0.20342948243655723,0.592527148508646
3.2902575870977233,-1.6520529603543594,-0.1956225881634999
3.4568492746997395,-0.3661871477172052,0.1813225548329284
0.12711330907164375,-0.5092459319507441,0.9991140209968558
2.0919144800525062,-0.9609848649586952,0.018648282412919444
1.727902912280238,0.8936804547543398,0.7990364481774389
0.9662204608358479,-0.01649705968491677,0.7690043689617521
0.567474932601363,-1.6758151363694083,-0.8308628266332554
1.416699168474149,-1.1192671922007547,-0.08398834893042856
3.777347845258825,0.7330350546383837,0.4291030523416084
1.3604914348809454,-1.6954765620387993,-0.4708758437499453
2.1232834247991277,1.4048276561950748,0.8119067261258849
2.8417739396911936,-0.0194138919441027,0.33198836645510416
1.5181554492792466,-0.077653690693408,0.542395982226878
3.8899501226117468,0.3696311386380704,0.33823199364510265
3.8535444502742338,1.2987238637005967,0.5345700450516078
1.0819509537189202,-0.6087631683912278,0.34662531643293304
2.0392691729803034,0.7120646102362542,0.685569645177406
1.2734254082854017,0.26292785598316426,0.7581102807018387
1.2108779280721238,-0.9318869193223147,0.05619173441855948
0.2438590946826779,1.514519945420632,0.99999999778847
2.4773009025215975,1.1897040864277124,0.7083713159110776
2.0604481905925596,0.633807338633702,0.6600700975828042
0.30076712987495846,1.4023269163769676,0.999999769154436
1.1867212105227847,1.4691768038392095,0.969305195689803
3.6422369552699494,0.8334519068601391,0.46477607431789003
1.0342913736011925,1.3480533134546882,0.9788871850916059
0.66509000115577,0.7898858466771346,0.9908483949397875
2.0088657650824957,0.7205630870412016,0.6944421410377043
3.944036771031343,0.4744455128607372,0.35734745094592046
1.0440155588948516,1.010866558230565,0.9584160648236582
2.7213286348829264,-1.3655795788277052,-0.13353629748220705
3.0703164997819985,1.5234830367957137,0.6761008972806564
1.0267864215703588,1.487374110980928,0.9843871148702952
2.9400437595862523,-1.8830108678617634,-0.29162314471623263
1.5343542176050877,1.3032670022590507,0.9053524615080811
2.56599273931496,-1.4845205301062192,-0.18661122659852028
2.5707658719674895,-0.6595245829634324,0.13167226392534662
2.1895212678915583,0.9740330251664311,0.7170673145440578
0.4521301032121924,-1.3569604158067672,-0.6581303320310053
3.357679732798028,1.2718680964762488,0.5893166436400449
1.35104225338977,1.3285367118309677,0.9382844588522088
0.8274221905594314,0.029870935043344815,0.8467834027027727
0.2590230520635793,-1.9744565131326657,-0.9989207442946229
2.404482478434143,-0.8518474673003489,0.061537289178056495
2.7425010111849013,0.4677076735029688,0.4893240830378117
0.164692532818639,1.924744712109694,0.9999999999999992
2.097162927367196,0.5272541080666735,0.6219921487587283
0.983333523271958,-0.9607856757433608,0.03985783929223874
2.6161738825968546,0.5360228123984454,0.527825202466296
0.7800290731194666,0.1599415188634219,0.9027803113738173
2.7946571785996173,1.1193815806045744,0.6401153088403989
1.608267850572096,-1.5720774446921664,-0.3414299717082146
3.7532469560732644,1.044111610008112,0.4964808277390855
0.6363316821693736,0.1650663147044411,0.9499150666035745
1.4301587690960083,1.8519680154359786,0.963612778058909
0.5425467328382974,-0.6325113358452557,0.5897874678174733
3.7063051112863947,0.5304875725357925,0.390967504481409
3.521623478185826,1.7281124220400699,0.6496394591485533
1.1059723480891068,-1.589961088037283,-0.48800018804413686
2.6739377795332984,1.7489139489458045,0.773120900183311
3.2871665807847417,0.7515428892032534,0.48755110540456686
2.265283165237903,-1.7286517635793124,-0.31100744140943887
2.1656372555884253,-0.796145732212735,0.09385426680002215
1.0432239345117615,0.8326883545811263,0.9421394149772084
0.4631007944430069,-1.7305975941249132,-0.9182295689548938
3.5991414560179744,0.3286818407050931,0.3532622942551177
3.611630422936989,-0.6164677721881731,0.10579626025796862
2.569095683365745,0.48366207106990844,0.5208486458511404
1.4222161850899326,-1.8170318647499486,-0.5186403258085496
1.4619173409893775,1.486147224609505,0.9354849393680637
2.9312271475939338,1.8939558767095876,0.7562021545921671
3.5987300138150506,1.875511421142766,0.6634969649822092
3.5596370546339573,0.9986073269716988,0.5090627003834816
3.141514628844733,-1.4796550394774721,-0.15150724554931563
2.6039234200017223,1.0330527837160903,0.6531456901553674
0.4281458634806904,-1.901652334164794,-0.9707961762801488
0.7303519849689937,-1.911505793884011,-0.84773207307893
3.604361335255609,-0.705559123401835,0.08150893609294568
2.4650733326724006,-0.045427238381337,0.3689776364332745
0.13586850130485562,1.0816296712311728,0.9999999999999015
0.4957390171775252,0.7331815064260208,0.9981638524090135
2.687656899521418,-0.21638917449300665,0.28356917570335555
0.11974017700025288,-0.9054933348733365,0.6579921477372385
0.7271514005282447,1.9884980006308446,0.9994615752558802
2.240061778529686,-0.2952747910561082,0.30461680322087115
2.7983912710015035,-0.19445190268129808,0.2801650190207318
2.642648912060142,-1.3455047152333233,-0.13000193178598038
0.9746503068961831,1.1792381949997175,0.9774055371884572
2.87749896325539,0.7747289031259545,0.5488687671460153
1.0252714412375203,-1.1169215488449584,-0.1135477990483449
1.3690588228211442,-1.6704758175366292,-0.45400596129089876
3.011316479960294,0.7219972082988524,0.516710759830088
2.633568306284137,0.6180448571245409,0.547211764458576
3.411971300927294,-0.9069618920071627,0.027261382674908526
2.6646902799713392,1.8034542490016414,0.7826117983172796
2.3164035530083393,-1.395768432876399,-0.1692113930386308
0.46533159452956063,-0.27066079582959235,0.9166038106718988
1.5340916319317908,1.7744636806703955,0.9476831272726666
1.1342892339587294,-0.3210907322955108,0.5360046902196463
1.051559609178426,0.5541037906563422,0.9010744832148452
3.8947411635345377,-0.4096224081488229,0.15043283912800912
1.6330811262003657,-0.9031391906053199,0.05924224214320491
3.578981565190742,1.935910591839313,0.6752440730444841
2.5614406413893254,-0.3626639747398279,0.24380852431878106
3.199764083812429,1.5763968147165377,0.6669245921073335
2.060284663110249,-1.0801815764356553,-0.038898081258439014
2.3499251500428007,-1.1475811838996668,-0.06272006657508152
2.020819005893569,-1.8754636684619546,-0.4080106320963493
0.8614476524123735,0.6066673015035402,0.953145828363094
2.917563249519871,-0.5258946251049554,0.161085059297249
1.1950122135193377,1.4574329993585482,0.9678035338050474
0.19483226908266998,-0.10716037323377137,0.9997907896748799
2.6173419540379546,1.872773711658887,0.7996324129159436
0.7907316496874909,-1.2578979371875154,-0.3150580724514888
3.7677884789763656,1.4744926718224431,0.576196058732149
3.820321450310091,1.106387411166967,0.5015417434224737
3.667971121859749,1.083687378576208,0.5139450861821439
1.5436189309962332,1.3791329124675507,0.9123334592235915
0.16028080446258297,1.0440959637719955,0.9999999999832612
3.720442394092129,0.5048812865256616,0.38378410695979986
1.769918178437526,-1.4750204892704497,-0.26212196168369545
3.8699537942703115,-1.8698952820349923,-0.221070966989832
3.8581179106480863,1.6833913912627474,0.6015153214950433
3.426736876322704,0.46660125808295216,0.4036382354647138
1.2483506790713843,1.1861491639047053,0.9415153657813515
1.6018811415475085,-0.07391059394979971,0.5213021559877451
3.419433018915742,-1.530767244150422,-0.15398612699322137
1.335995820109483,-1.4992568311897982,-0.35722067814244063
0.7610217120757606,0.7422611489158855,0.9796731083389163
2.271524923587566,-0.2787764204021492,0.30725040923293795
3.751003619227046,-1.1979010931986531,-0.05271060600024789
2.8145162070323946,-0.03362181303425249,0.33046929336287134
2.3232385633485233,-1.7431642516994637,-0.30940102038306594
0.47898832570599725,0.3278856076575951,0.992212976705937
2.498528184126762,-0.9240263822596093,0.03039798055392411
3.961210015406627,1.1902364025487526,0.5027062762893499
0.6463276594224436,-0.7585521643057049,0.35710933704753134
2.1214856442185734,-0.17911940367279522,0.3687163598008164
3.521754980519026,-1.9535178403675975,-0.2643232815013767
2.9889976092413972,-1.7102124488217645,-0.23323599228201733
2.818361389881545,-0.4300257743732607,0.199523292003297
2.839687927549726,-0.08024466113150597,0.3130228334090788
1.5020154897570452,0.4000821924772149,0.7315880553318947
1.2450081926315242,-0.8333496851627871,0.13306105171782642
3.256508506366203,0.7799275445061702,0.4979491709256797
3.259442239248805,1.4404895887568183,0.6343993670286848
3.481582042462404,1.1194039555733992,0.5432447483226293
3.661638154970238,-1.8415246986065714,-0.22585936013158028
2.0942353555576574,-0.07797221096868423,0.41386774053271597
2.055913549280078,-1.5802792863273005,-0.2749851855355386
3.213351197970423,-1.0318199365498901,-0.009902091170815502
2.6348593300332843,1.9466503730685858,0.8069883297582385
2.8376708213050432,-1.430017828393947,-0.15038958332650554
3.203591410800794,-0.004447386194575742,0.3011296303561447
3.5710208330885087,0.4726229372724764,0.3904929150578969
1.4181811117209897,0.8098598821764158,0.8554648454251013
1.5647735152957818,0.2385947339476564,0.6592855818512375
0.46652956537938906,-1.9609166103232654,-0.9680121869983447
2.3552925498850787,-0.6941547670240324,0.12912946923775637
0.24017486780729413,0.07084657353884571,0.9997319162390533
1.9158322707165947,-1.6485340034206666,-0.3261491582582602
2.216314075359549,-0.597492275163277,0.17964063976978253
1.2175108833003092,-1.8671875648345337,-0.6120937400086099
2.404249716219142,-1.685686011379917,-0.27770862980949096
0.21895097476229278,-0.41230689519361574,0.990718817042081
0.24565793612193623,-1.4691369838277586,-0.9570615933373047
3.3081421865726672,0.2701633930462326,0.3661334691925114
1.5047435015039254,0.757859876549063,0.8236982346854811
0.5955359993423507,1.2023467964363315,0.9987735725198631
2.136748714213737,-1.1993990230207596,-0.09304894596262715
3.102974857084582,-1.330069670963721,-0.10597261713057884
0.9417020072376884,-1.581728638662399,-0.54955374210749
2.529272855694101,0.5457209981745468,0.5449238464196303
0.43285511347569516,0.8259029059476046,0.9995665023670892
0.30155871255757005,-1.8736554206974319,-0.9939285469886359
2.1722830631157772,1.7448489849747593,0.8520475162113318
2.2084769742794155,-1.7921148653941104,-0.34404216770415513
2.5859766158430055,0.16518534120428185,0.42237437767011776
2.9317562015183802,0.8362420778036657,0.5555188323006517
3.905823109903885,1.4838764949843424,0.5621300926506163
2.113571358374662,0.8563477285297112,0.705566171135648
1.3595302444708592,1.2069123322791673,0.9251001013491232
3.2012261595979443,-0.6421992298287758,0.11130679825617845
1.1562457799220895,1.259300454986049,0.9606290893240662
1.811988540751981,-1.6795406144612994,-0.35837900101093445
0.40597988723483724,1.5792666242421105,0.9999939365537271
0.1988678993202843,0.19036950461494495,0.9999873558850836
3.854328817243908,1.2691910798499748,0.5289875886139341
3.3603224699976026,-0.19072686192679944,0.23628144206182872
2.814299403765422,0.5743107807860999,0.5075299308312847
1.6949164832156527,0.10561064374445284,0.5732228596320369
0.7758478482762985,0.9263580870213275,0.9861520072482599
0.7101044664172356,-1.6734800718776417,-0.7390687009202546
1.0759473028419217,-1.7585916640377448,-0.6075605105252745
2.24198399235387,-1.0115870639594142,-0.0051681728480944805
2.886924098530243,-1.3618212795472466,-0.12467893648901933
2.674769769199152,1.4871342663688067,0.7305238831954952
1.1917421980891771,-1.1231440505678227,-0.10296491287866981
3.823974594586457,1.9034610232765252,0.6406516829893152
2.9777979751134973,-0.6524168329155726,0.11619765795693426
2.2619808047944625,-1.2715283372452029,-0.11946679818225349
2.4857109103139736,1.1587940285699165,0.7006018162525728
1.7364402434683808,0.6348311020035045,0.7359034350020172
1.0661508590545141,-0.007217134187444074,0.7311455447291546
1.4882934467399203,0.22145420375052494,0.675454992313302
3.0555998308110395,0.8768071130890553,0.5470900592137726
0.1561346056560479,-1.086181034674805,-0.5019924336014138
0.5526832979769734,1.9853356642269677,0.9999593265112574
0.27941030388483573,1.8991726485871325,0.9999999980568082
0.2588423290439835,0.6013027453877475,0.9999915357689578
3.436296277642928,-1.2018301962834195,-0.05866735870737087
2.8442656515820923,0.7209129697251653,0.5406308058733594
1.9492779334405683,-1.7112063640832966,-0.3494844162626171
0.48155322653890575,-1.8773899911767757,-0.9490374592647383
2.017301912955646,-0.9692684459551453,0.015232810087807332
1.9465399060442061,-0.14950817304273478,0.4110922900069142
0.7754872926490591,1.473090021633522,0.9966092599097648
1.792021432028095,0.9086762790652321,0.787606769140498
1.6541684641497565,0.9708260847999242,0.8310218688572008
2.5018153824036444,-0.2980266622076986,0.27344696808947905
2.5768652383838107,-0.6162600298121483,0.1478262226698473
0.27668563811097363,-0.5158449480615892,0.9413571015481698
1.560989197043238,1.9505982549442313,0.9553914923117348
2.540853671285522,-1.83956323435007,-0.31890319349654556
2.062231408462342,1.4681259844897943,0.8326829889245165
3.440310380634457,0.31470163428957365,0.36456989201383855
2.6689051633138856,-0.24553832324163816,0.27538905274171116
0.7354442656175757,0.901030641660546,0.9886922889809715
0.37521811486167633,-0.0533242343011886,0.9872122765212512
2.605435185004631,1.4936929523266422,0.7429858415575484
0.20339411111232508,1.602807456045034,0.9999999999846605
2.384524766966507,-0.31311629250617834,0.2803472963391708
3.7668979415573345,-0.8926888110597937,0.028480242918926837
2.344349293715928,0.3694013143734489,0.5256596556517159
1.6138627122054354,1.6494533824667639,0.9277076822724273
2.6088240519251773,-1.1573512439773337,-0.06024197443933983
1.8871862729169149,0.4918663342539311,0.6587058661669168
2.227905478332146,0.5262408803700822,0.5947967474022429
3.771712754228448,0.9324520896611239,0.47177728592143103
1.6058002874230197,-1.4737292594909608,-0.286740678998994
3.8486431989132655,0.8632998587283542,0.44955674312400357
3.6308675036286484,1.636130082662564,0.6206324568198933
0.863585425678256,-1.2812675645190321,-0.3146494558785855
0.3705090734131453,-1.0498267003044894,-0.13367683415952136
0.49303420537196396,1.8855803761665584,0.9999835017681974
0.17106512004104396,-1.276092189162041,-0.9237430239550889
0.46832754694812073,1.4175403734783165,0.999934340550964
2.7637264163237916,-0.03088857420786084,0.336955322302622
0.37763572899489306,-1.0110757023872918,-0.029320657127003696
1.3440049581456692,1.4829996050900456,0.9515064578183619
3.3950137127808726,-0.21877897998933804,0.22613116885267842
0.19076054936972087,0.059269415718760765,0.9999699490749135
3.2764270820968497,-0.5630665224009372,0.13257173669921019
1.1992336216162598,0.3718034057397097,0.8157231933794002
0.5608428277244594,-1.345904509659909,-0.548866988254427
2.8172749449201877,-0.43567385339295717,0.19767247574430527
2.5528771024415478,1.87764928934115,0.810065014243091
3.5221408527555065,-0.9674662691954898,0.009236656604456253
2.9667770708351546,0.6269466581651688,0.4993115093336898
3.2335756285009096,-0.6992397431012205,0.09274437118589268
1.1999348330280954,1.0938925027464026,0.9408043870901429
0.792014220740919,-1.4765053571266007,-0.5382136623044389
3.0273975313993473,1.8792841803141789,0.7402696489995186
3.2466554831423298,-0.184841834465443,0.24593011005626467
3.962970053802626,-1.0557981466141442,-0.014078950623094116
1.7092089399545634,-1.7060130106799494,-0.39107135085798606
1.5508705345918545,-1.320968379649837,-0.20405502770679582
3.1280105468937878,0.07909579422407065,0.3319145537665111
1.4291338069867696,-0.6519872942748548,0.23881119792141206
3.7299535698539024,1.3155334635304379,0.5516807397957769
3.447809732187746,-0.27644990535277625,0.20683047834093093
1.7730767067625717,-1.0051429096494804,-0.002900548637905631
3.0283971643868397,0.4685799464161202,0.45018826778859694
3.042717208930261,0.8271088675417833,0.537395252479858
0.5021830884601372,-1.3318323683962006,-0.5788820367831606
3.61995633605031,-1.3295231348467293,-0.09077898345274399
2.0704842525466427,-1.8533142922658281,-0.39028204153082124
3.323184117820192,0.9456080602625621,0.5266261682950318
1.348193444019386,0.6552181104872203,0.8419197524889017
3.5925405911351818,-0.10147649700074446,0.2450202757309535
1.6178865470632362,1.3766817958767885,0.8993872843611463
0.1422668407731636,1.2226806118002127,0.9999999999999462
3.6309897080351283,0.3414174575870086,0.35349808259643567
0.4560180394659209,1.4730851220530345,0.9999610529597137
1.345323186602618,-1.176635159852927,-0.13054642412214817
3.8052416714981394,-1.5523215224090885,-0.1441367578043679
3.8073678730564686,-0.9210015539320415,0.020745857506859394
2.336407763680816,-1.7716525756427406,-0.3187661252450513
2.5641651274622173,0.12467811200412804,0.4124947330772756
1.8489375357154472,1.746422769179846,0.9024758956768971
1.2435220096224517,-1.8426258373259614,-0.5899649625156698
1.3817917269426723,-1.5115603439598928,-0.3541799588710573
2.7228219787004497,-0.1912038868662589,0.2886045317088134
3.034260664806952,1.7355000701116197,0.71704572887961
3.1871582705308095,-0.735375580092998,0.08283806101609822
3.17951075689876,0.028939234753569743,0.3127724847031289
0.45570380188989246,-1.8337085637984316,-0.9497768059424349
2.0282391883400677,-1.4066271961516446,-0.1978393265599514
0.32447916406491273,1.9465204918353876,0.9999999740836503
2.2431626410625687,1.8604747857441821,0.8552000206168654
1.8219689553561704,-1.9802400762623615,-0.4914811983978178
3.562046312757369,1.8072471416929559,0.657331095452119
1.4685685489531068,0.5564797512620014,0.7856109715519636
0.5565613640676629,1.4716731780800885,0.999722290447005
0.6576675600060597,-0.1810405774645636,0.8469458151279706
3.069891463698142,0.06238411431700097,0.3328817919530316
2.5110504469334183,-0.04461367897231927,0.3631179717387005
0.49437843687888194,0.6674570301844174,0.997650842755949
0.42801654384848997,-1.4413949809747484,-0.774411918390002
2.833779612690568,-1.8801056405092882,-0.30096156195048696
0.3837757248203547,-0.7682802336352363,0.5397406260679005
3.3052542312323894,0.8187230509465868,0.5007091241471779
2.8543446859103354,-1.1925861915082066,-0.06736904708775879
0.41726024450340904,0.6937297332996692,0.999404130123158
0.43086708493224846,1.8796481844290818,0.9999968672931395
3.9478943561545843,-1.6243971368423265,-0.1568538409165717
1.5596561034488694,0.6904084729005051,0.794616599313649
1.5455043735608747,-0.2249991227817154,0.46326065966604757
3.26991831230426,1.4725690175100214,0.6388073053951987
3.794269451797049,-1.2914008422104564,-0.07664960891373317
3.9454041489091964,0.7705038089046581,0.4208717331620501
3.038174922509872,1.3524611585924409,0.6494233135280337
1.5674123835705716,1.778456877896093,0.9438979814398009
0.42565279512480814,0.7329921131585833,0.9994184964297291
3.1308729721170034,-0.011300943966290777,0.305695468994628
2.2777765739696396,0.4713889608048554,0.5689547926591403
1.7544658360632075,1.475619937914873,0.8877145919541679
3.63478210186947,0.28243898655531874,0.3388777820162646
0.5336701809939902,-1.8784517612126526,-0.9283146210353229
2.0212379067343504,1.7237947820279111,0.8734826430652334
0.14427921459293436,0.7581070041262445,0.9999999999478945
1.9277765037770924,0.706053543108986,0.7089079459818866
0.31958277515916567,-1.1372993904091313,-0.40500431221421945
0.5633898734454805,0.6355418809306288,0.9939996192065107
0.5583523624307091,-0.4245423773833661,0.7741629888410237
2.631920178252648,0.6049319081659683,0.543982816261797
3.009575029135151,-1.5736278787680371,-0.18832591385140068
2.3751381838789225,0.6313812184121441,0.5959593396107155
3.8524729390507133,1.9976549030826662,0.6516216296324381
1.5619952601424458,-1.8071518445577759,-0.47518319892347505
1.2142771364992568,1.9086967368852692,0.9835256814108648
3.487536599938895,-0.37236815710851756,0.17804623339805836
0.9720237702258653,1.4830138013490366,0.9879878179821767
3.856567903818384,1.1295419362330938,0.5021566118036024
0.14740245129028373,0.2680650439466712,0.9999999325806616
3.8825274241597922,0.953796837005306,0.4646520863646292
0.26832365660724683,1.5140622452053916,0.9999999854529955
3.5754581434224773,-0.3834387133958681,0.17075340918676263
2.1580343254365695,-0.6918673537470452,0.1418214651936096
3.9725627048652714,0.6703735422543389,0.39733268901095037
0.38780660246805554,1.2313837677650343,0.9999798957042021
2.260031709165151,1.049140539106463,0.7195381395652442
3.880279888914486,1.191254595434538,0.511467829454365
2.1400815922635803,-0.257666740748268,0.333598093754178
2.554654688727524,1.2713368647000864,0.7109476387104186
2.813419887040007,-1.5191637785175662,-0.18246481414364588
1.8727101525943157,0.17795639184339818,0.5573712434823463
2.5474765123278473,-1.9769653580075137,-0.36574591254095257
2.378825816500091,-0.7016566803989188,0.12476275500487623
3.614516240914857,-0.5341538605144085,0.12817312410560008
0.27724088333168573,-0.41530923356297844,0.9709692762449158
1.1957564394096982,0.7818688267594487,0.9033542422391493
3.806604787898579,-0.44576759491861706,0.14457739505404582
3.5720287571745737,-0.2052255095098774,0.21889905870624932
1.8770613358642805,-1.0498234765026901,-0.026537107670792787
2.5185171314259933,-0.5069928334826397,0.19329032609998476
1.1817866136264175,-1.090921490947394,-0.07678418656977717
0.833672522922669,-1.7072163049262254,-0.6901877839712702
1.9084237792659304,0.4137943735255116,0.6296390241218494
1.478073689301606,0.672851194220065,0.8116268810461877
2.376258836218401,0.477961384038458,0.5524980724085429
0.4031650841634409,-0.1460238247977106,0.9714919618373177
3.9001397498980492,-0.48085687928308074,0.13232824343666938
3.9462219034704513,1.453334598287301,0.5523050001208213
2.822830684677006,0.07632714054487222,0.36383031733315296
2.1907758287420696,-0.08327248948107613,0.395622822997304
1.3071577035166784,-1.8974317367742572,-0.5957623776967177
3.2738005768571,-0.6350086894953746,0.11102892158455328
2.770451572960129,-0.47921752485657176,0.1857942279467957
0.734206063445076,-0.40470887641239806,0.6700289761268203
3.652616019525986,0.32068947690932914,0.3465993389949023
3.307895247400359,0.13441018690751383,0.33009973194986947
3.804219661838504,0.4316203711737785,0.35951109952613175
2.930306082714604,1.059533046168513,0.6061666356630936
2.4923192641495806,1.251942954864374,0.7180235676804105
1.7311478415334136,0.8724923049059776,0.7938093719443613
3.737641085080652,1.8220947838197388,0.6381502895881704
3.4776491690515927,-1.9270696692945535,-0.2604391110157269
0.2763528134141387,-1.2168880572658156,-0.6554663010326056
0.20283120053928283,-1.9697485000874315,-0.9998593233712052
1.5682071308243934,0.589898856618412,0.7673423958291831
3.2611579900491483,1.5921221957999476,0.661146188393523
3.9503769043282833,-1.026070813694803,-0.006599480463047024
0.6866258753037598,1.7081381791852266,0.9992500301706428
2.417109789873327,-1.7589304388417566,-0.30405587730882616
1.585474340860984,1.7377441072220572,0.9386726651870321
3.8826661514769527,-0.5935092510414623,0.10431287796788014
3.384263800229264,-1.594316686203134,-0.17382854268347592
3.3694819483734375,-0.05651296325469746,0.2729138952894811
1.9279033232003842,-0.9728937291179682,0.014059047748183222
1.7177960591168941,-0.8605083921523087,0.08102580529199424
1.1662875805297543,-0.7708401402948537,0.19399644477804473
0.31986443693861577,1.2121035913306537,0.9999980317401961
3.4724172673947074,0.15664510670101794,0.3212990959888927
3.2703139356073025,-0.7547692033759854,0.07484669223314527
3.9988989258159093,0.44133513324367346,0.34559537459453255
3.986883664588231,0.8646026968927742,0.4363263347975824
2.266183651850247,-0.9095039970658649,0.03991200360912813
3.099050919203991,-0.34580359389859394,0.2080150526940325
3.7845863465414693,-1.5124556266522098,-0.1345844590935637
3.413624823641905,-1.2754026018612787,-0.08050288160866871
1.0646575967984708,0.7244714158599312,0.9245868897719121
1.8571221277093648,-1.2742466092174922,-0.14660873276759484
0.6037217190908304,0.10065353466824067,0.9491479937908701
3.8207990063090174,0.8361850468897307,0.44670494663319643
2.464081074358432,-1.5724923076210247,-0.2282428990958778
0.9917069414635046,0.2692488785156142,0.8564483714386217
2.7196326691828414,-0.973748865194545,0.00965215628616076
2.510700137785794,1.8517075009503192,0.8130023136333825
1.496834600328078,-0.0658174131203011,0.5539799907102532
0.5428746095785532,1.2239701991006324,0.9994471589730881
2.7191354628119186,0.20090616862504707,0.4150111876820547
2.129200033524794,-1.8263498685807233,-0.3697240735804273
3.1120417277689936,0.5326055023760894,0.45617929963992293
2.1286376543367744,1.805613368826628,0.8662937764957358
3.4235078512423063,0.40644728058532476,0.38916915376461314
2.2524366712204937,1.2767554377071608,0.7660913178123483
2.2876580889880067,1.5368258533936312,0.8036796852576792
3.518949050367546,-1.08768091220427,-0.02491163412578837
1.6735831782283486,-1.1518206403670934,-0.09046789278900629
0.6226593909574988,0.4439239554039669,0.9808300170766773
0.212252437622022,-0.35588612077318116,0.9953851777385827
3.045035297127114,1.3594452114668814,0.6497407228591952
2.5192072502785123,1.6000924935920446,0.7747521763035691
2.8459110955869718,-0.5863144827891276,0.14434611849183865
0.9305602298847518,-1.0525177641020718,-0.05637687406080284
0.6318487547884021,1.1221020609754473,0.9975828894615953
0.15672419610473953,-0.9007758578074556,0.560192104810708
1.4672914793457283,1.2904572740547136,0.9155839968898566
2.400678978733069,-0.3050469854049487,0.28165784640915514
1.6297517758889561,0.6701995971658818,0.7718218259432557
1.8061521958925435,-1.6178587446613273,-0.32933810150916215
3.626218908525619,0.49543729870629205,0.3905049973468215
1.4581963213908715,-0.19292928505108353,0.503117818217553
2.104559007723262,0.3464338527018964,0.564742972263923
3.156246749690458,-1.3279431690205463,-0.10353059550323226
1.6465168510529538,0.9474949797767285,0.8283314925631948
2.5261381308887065,1.4511883101729142,0.748849388265328
3.4632184641123063,-1.1330407996368974,-0.038396478613769824
3.8031304322648043,-1.617141777919353,-0.1608625679988258
0.6735865756232479,-1.9054456558146544,-0.8726810943826079
3.7136917381298282,0.567886001773064,0.3987743470787519
2.019253543010199,0.42837614435512306,0.6090302027328758
1.1071531143659377,0.18678965085628008,0.790186908383911
1.890629449329219,-1.0722116155360983,-0.03817592151181536
3.9221270436133606,-0.4363760163779413,0.14272256071126999
2.0212105665721913,0.3779053407446922,0.5926382591525624
1.3821312801212822,-0.01293256456332248,0.6132808932286734
2.5702633318352306,1.9511420808595492,0.8171524677507962
1.036567913234953,-1.4542409897730675,-0.41216487356818027
0.39586697962378925,0.7805782161903752,0.9997521824586452
0.6026309154515319,-0.3827249275828315,0.7716123116643088
0.5993787719353125,-0.28720154029754097,0.8303395166014533
0.6924205046979479,0.8703910626327049,0.9910295528184975
0.6414259733326995,0.7697446052974786,0.9920056081626693
2.599411504732537,1.9650239748087532,0.8146335305498567
0.8093323291566648,-1.486422842183499,-0.537773156941216
1.4481024049630666,-1.5835614024633347,-0.38249887838703833
3.597474798633446,0.8973552685149646,0.4834011548491017
1.9484503970252023,0.3135476680256364,0.5877030639134314
2.703475180232006,-0.9033573337607765,0.035732349897791164
0.7720474976863563,-1.6823225240440536,-0.708309481806596
0.849927173353816,-1.6573670016142779,-0.648924842734066
0.2593876034392676,1.5767634986564731,0.9999999952962565
0.7588467459814418,-1.2325307011250284,-0.29718260826019494
1.1865023222246387,-0.706513751537917,0.24242989739934012
0.7903408886793125,-1.093374391092048,-0.11759781255463746
0.44593988165251686,-0.5800147766722508,0.7360471822389387
0.5704798972923432,-1.7223046290156265,-0.8527466916417329
1.8970371953276306,0.07623916363308147,0.5133930225918308
0.9047015017825908,-1.7295497456311404,-0.6675985866686691
1.5206524580874943,1.2014260312894463,0.8952342049101099
2.0633273563339416,-1.065151672358268,-0.03156553308693237
2.792539831654525,0.16004765841804236,0.393056175623212
0.25331734538028583,1.520316350245833,0.999999995437262
3.2177005557452665,0.6035094761887767,0.4608107952650771
2.5488115190145404,0.1318311462053412,0.4170060217851788
0.41886022460060046,-0.7026649875384976,0.610593367436918
3.506956634016431,-0.6679923477672083,0.09438933605595601
3.6914023620740712,0.6779478207927605,0.42563655024046126
0.3382040434339686,1.9765574448846701,0.9999999546562166
1.1798228277740945,0.6473567593975145,0.8845437535734162
3.244184991192939,0.2311336694800996,0.3622639191516323
3.018212792496268,0.9226020409569844,0.5628535373294896
0.8196319754898715,-0.1391775508651274,0.7819054141979213
0.9164623610131701,-1.7594306295968591,-0.679752857430935
1.5448412008863899,0.24918726351163922,0.6688274833520031
1.9896396422449831,1.8305011380215208,0.8901442192473628
2.511193608968154,-1.2987882305693614,-0.11842424325232666
1.5387631943221125,0.760019563282663,0.8156858461927678
1.903885392919277,-1.196265245363774,-0.10272307383953738
3.0151366587216506,0.14331073789232507,0.36200412981105157
0.2430644912733318,-1.6132942014131215,-0.9872166867225919
1.084504082941681,-0.19851625496725944,0.6285602545381483
2.8820633849497543,1.0246533155809843,0.6059530604762998
3.5913066669800773,-0.6097139030440717,0.10824941748244335
2.095542024251098,0.6596468979488721,0.6595345039225488
2.175242592534731,1.1817998431589167,0.762857261412484
0.5179708442251266,1.7087112779178106,0.9999426200085388
1.8449082306114732,-1.0614316725781858,-0.03328565476744177
2.1772073391745903,-0.40273633676276743,0.2676451852573572
1.0456349641754457,-1.3903359466783303,-0.35687515658403374
1.1500486007025859,1.9699340086335009,0.9886374751184931
1.5714082361080284,1.7080038716971813,0.9382588667361608
0.17827767133313283,0.15982852112223833,0.9999955309688101
1.3561087457743954,1.368133177505685,0.940949623356366
0.924647227286524,0.08383190908816873,0.824962488472929
1.3772396734938672,0.49434275201103883,0.7950560053666085
0.5670723140950797,-1.6435022715359335,-0.8126488471076206
3.5730563948855902,1.0210816819872317,0.5121538116747596
2.4150105688607897,-1.4891460654590607,-0.1998190467989631
2.7484990446635096,1.3042705210101135,0.6849469386893258
3.1777678305686194,1.1281123506815436,0.5847744813584415
2.0439245758233233,0.8349787909719057,0.7152114142852534
0.43898912354095243,-1.8553584779009515,-0.9602004380965743
2.1947155130923366,-0.7874865762186856,0.09652810615016681
2.3886803602814286,-0.9475497203566285,0.021954319446736287
3.007213949318887,-0.5594543701139236,0.14545719687449288
1.7834722302957497,-1.6494290129446458,-0.3488531858857533
0.5975631809026987,1.7478312921242511,0.9997972918581177
1.2067260326150255,0.21520896284950508,0.7645306825546716
1.516020955954677,-0.7779027573679058,0.14546095833805137
2.619077241193245,-0.4120739317028663,0.22078227764513692
2.3260353882087563,-0.21118983798065738,0.32669347698550216
1.4887772310016003,0.4023773334424692,0.7361241617792519
3.947409470292621,0.06271771078599109,0.26289798295176603
2.46252179549186,1.6775678928576694,0.7959006753089993
1.0251844877703784,-0.012146068376678976,0.7458723665286521
0.49695164321957463,1.9686320592932507,0.9999870475709094
0.6961506428188948,1.405699830980383,0.9980093285457807
1.0592351406995817,-1.1659579425706568,-0.15540759127866513
0.7266573557122671,1.722380858575665,0.998886555659593
0.8276113938000924,-1.5345344084580956,-0.5688872301900709
1.2118711579060037,1.2697988339647663,0.9538626555288463
0.7761570216495438,-0.47750682609367967,0.5870676139336546
3.597385156043058,1.511897281780278,0.6032598917766425
0.4129116080804046,1.4722267604298014,0.9999873955974737
2.1455944193239933,1.2237016004704846,0.7764638722448389
1.7005476252596798,1.1601217452282455,0.853865575188688
3.931276605943565,-0.7812834436078369,0.05557766505095945
0.5369517184554041,-1.6763228677949913,-0.8509427408004828
1.6516368362783924,-0.3880792849393542,0.3544232980096228
3.8809346897739387,-1.3059019400539653,-0.07865888655583664
3.475477790986523,0.7798043556098468,0.47158252645879134
3.2865810767021917,-0.6156010938488579,0.11642969365469977
1.1058210254752654,1.9024408034396596,0.9895533716771537
0.7664615908212566,0.5638883093813281,0.9667734443190266
2.707708557705281,1.2899222545374438,0.6888189173936292
3.7245663575975847,-1.4699013090326063,-0.12549754586370512
2.271375282754326,1.4480579290904902,0.7923768622682292
2.3292894889326092,1.6910287620535773,0.8195023464138834
1.1919184652751083,-0.05175232472425639,0.6615496107023958
3.101022439448554,0.42501175100390975,0.42970078427170455
0.8294706193743411,1.0592392036119818,0.9861434085391905
1.3623490219765504,-1.3006454909583498,-0.21716770232098384
1.7592021106040254,0.010264305853769695,0.5184913200466676
2.0796804768693744,-0.4053478889107476,0.27838852344011106
1.045397956418813,-1.4145040313510036,-0.37695332157322997
0.5478636164828938,-0.5298623108338743,0.6952924599441305
2.481418165522367,-1.7273107624580257,-0.2849881782635703
1.2256591576369975,-1.896752372202052,-0.6240731916537395
2.366829063548188,-1.459334843380709,-0.191671485210212
0.702014589569389,1.8524604463566954,0.9994089721531408
1.9764463972337882,0.19811814358006785,0.5414453419877293
2.177098786951185,1.8632886446128798,0.8655816109352263
0.30211179360746493,-0.2700084866794721,0.9841942119367004
1.4127566849562903,-0.7527354676589617,0.17325720596406566
0.6242172400619995,0.024567451360976378,0.9276629492118782
0.3471623848437942,-0.2419532454683595,0.9749420179143163
3.9608449063207862,-1.5773412629530243,-0.1447385299916166
1.3571799954014196,0.5633052587608249,0.818375137311198
3.258510338833076,-1.1358472699616016,-0.04166585560879478
1.093098553578679,0.47835181959131834,0.874628322935521
2.7578606166733244,0.6008043695926135,0.5229935218261559
3.0648886535697777,-1.3919005874854076,-0.12717544659989885
2.4229910883705927,-1.7546014915573274,-0.30174097991305804
1.9391471353456178,1.1230463442737593,0.7986360965249915
1.7061795651743474,-0.1607983049227193,0.45569154290442004
1.4605862395176816,-1.7673448179780968,-0.4818321742629176
3.725163662566521,1.9794652686790686,0.6639368590628544
3.3394156903721437,-1.7688777560145335,-0.22625911516777342
3.863604951599399,0.7801409154342127,0.4306921087254082
0.5847591715936244,1.9347157010536544,0.9999125326280525
2.9503831532942124,-1.0432795831362975,-0.014668087770925205
3.7595277816020474,-1.4310025252512153,-0.11414310751165438
0.8068089580460746,-1.5144602423102844,-0.5632960802607704
0.3593354427304323,-0.7868994097296178,0.5320790819506003
2.99037053223123,-1.5958167559574132,-0.19664974669221552
2.3404451414016565,0.7686453667765276,0.6385298427136261
3.383132229357261,-1.7508328074797492,-0.2183608296767695
0.645112268842529,0.03768851259915884,0.9229438992080876
3.201542516253572,1.9867874154119072,0.7319530270248976
0.8863465481862036,1.2558810780240752,0.9877628822876962
0.7382581771762475,0.46087775292404354,0.9625000099631882
0.7406366119308724,-0.7749855168535533,0.2947974657593558
3.2768414089023903,0.4955833451665539,0.42715378972437823
2.6942691607151805,0.10816585564660652,0.38958001506532225
2.1399551565995654,-0.2956664644385141,0.31774306775326255
1.4994388880816598,-1.477158493039202,-0.30790080606412995
3.521082109171122,1.546416860961867,0.6188823364237483
1.630535918948278,-0.20086140471470992,0.45430209664710636
3.2847378139391505,-1.2215099527169397,-0.0673340744986265
1.812626143423852,-0.5289625964908415,0.2541689025461659
1.5700832747571396,-0.3434809898842919,0.3953646848696826
1.9044511641114652,1.3101515822674972,0.837585334958781
1.2753737092401543,0.9344575222456082,0.9081343448728014
3.0156765826873793,1.0772195745653592,0.597215142344989
2.0606095213606688,-1.9558749422854111,-0.43324099682510725
1.0056295110725875,-0.33538400728095397,0.5789590387760171
3.608340835770817,-0.0746233934587055,0.25097668159757264
1.5971757633555246,-1.9232308927077733,-0.52123913478473
2.2198561583445557,-0.9607471650198631,0.01768076018111963
3.635241232761733,1.04115929248854,0.5090836824789522
2.5345281840645693,-1.4515611770840038,-0.176302321340192
0.5559023587626198,0.1412405258103666,0.9675837849087738
3.765345282092553,-1.13919251193105,-0.03694990289946101
2.5480614069785297,-1.951516901424427,-0.3569863070373516
1.406131897162636,-1.035194169601834,-0.025023841885307516
0.6431610833872102,1.9034950196402152,0.9997602225928871
3.196698238154154,1.2061484475319584,0.598067737101152
2.5182837481212026,1.8383065772841336,0.8100174377909033
2.180498258707654,-0.048583824294550215,0.4105975340932551
3.586181073898735,-1.561055205289986,-0.15518515146601444
3.1755291237756698,0.19183795589477182,0.3586358233456175
0.6915320309577295,-0.1824906617601565,0.8281350529551748
1.3157160644026382,1.3774283309584638,0.947520653260375
1.0691076452764163,-1.6076696768630216,-0.51417561803703
3.00139054103344,-0.04703545191288727,0.3072516169860879
0.2307764954695396,-1.399805341224063,-0.9393430622693134
2.3225697709981343,-0.7012962924397601,0.1279047246123987
3.073588874388693,0.9494283095511986,0.5609727471001935
3.5193859833708228,-0.09592748252493388,0.2513783497337194
1.4341188199920392,-0.4964468594169227,0.3373717435743671
3.30290348822085,-0.42209488571985876,0.1732049099813503
0.5314637741253082,-0.16221292637605345,0.9180341420076208
3.401163937764621,1.1400661753482275,0.557512014298581
0.5972057830947314,1.5683387557609376,0.999632292156159
1.6494204331854323,1.821338746015713,0.9367092388476292
3.2094519265402592,1.1476135450211804,0.5844222791286031
0.6846779666602177,-0.7383724170079491,0.36454517228382277
0.9940804414073018,0.7525388243461686,0.942834334293623
2.9167850167329585,-0.2495875037784323,0.2517439051445416
2.90814249252969,-0.9813175118157953,0.0064241113444561395
2.6004757682526596,1.3634863177036904,0.7205879515338416
2.8063989334216903,-1.8462946041507,-0.2927385801313723
2.216625329055625,1.607047968541694,0.8262285991621651
1.0820163297371157,-0.15409014150106337,0.6537330844341076
1.4482143746652858,0.5488059072331217,0.7892573142914797
0.80823109552556,0.6374156888231308,0.9658141605981228
3.6429571892011503,1.5804709628261455,0.6096380547478526
2.37522799958787,0.5466787286688293,0.5724575036128783
1.6633205253781955,0.45573433904024707,0.7040053454402109
1.9018226342121176,-1.7333918377572402,-0.36758313864582504
3.7944050244860796,0.07363208778081631,0.2756344315944742
0.6980704721527128,-1.3993239967318334,-0.5168556403895409
2.3862963448655092,0.9497350748859423,0.6734637145779072
2.0729658476494173,0.04888768325069792,0.46681027641296524
2.4846715181951264,0.7209111168334132,0.5996568092903259
0.17062971690127798,-1.833308397590463,-0.9998854337804609
3.501283244882191,-1.6608319358167871,-0.1865302594395598
3.7352613016860885,0.865293552250729,0.4616249461144313
2.304019415997915,-1.7116626560053065,-0.29941671804849795
2.81693821311988,-1.7149730889389656,-0.2484987615947115
3.6977475865914533,-1.9515660990604502,-0.25180276001936897
2.8582306738222547,1.8260055931979204,0.7568183558356862
0.6949022673656192,0.9500334378360278,0.9927219675235556
2.3475246046505713,-0.5869943659917434,0.17413942824731168
2.466188680893138,-0.8138576748493791,0.07533472718829178
1.7541096180793054,-0.6011870810166018,0.22352095487853996
2.972132518936419,1.0986141247247274,0.6082235859611115
3.744031357599158,0.6454824442816576,0.41322562442914146
3.709717200336428,-1.2592177285301283,-0.06976183213946327
1.8582735484761153,-1.3035626586636626,-0.16191960588080526
0.5416283787789454,-1.6064174011464107,-0.8074363370654587
3.940880675953105,0.6412108788053525,0.3939422118691484
3.371702537139143,1.0574906488869438,0.5442840993959259
0.5861844566927407,-0.9398142866999839,0.10231440012107752
3.6912833422077522,-1.9162201558763488,-0.24323701179016138
3.4925958120423,-1.6713133300942906,-0.1898778296048792
2.123468422791681,1.8714401393801219,0.8745810957731699
2.405974199405224,-0.818220890090319,0.07540979254070396
1.656110545093508,1.0768925913525345,0.8494233563430451
0.3135703914059222,0.4986542754170551,0.9998588334261146
1.4072692424190136,-0.4722414413884164,0.3583775841914948
3.2311284495322448,-1.1772509512177796,-0.05480232866066771
0.11806488971795115,-1.5144543273623743,-0.9996717678593469
1.4006467695954623,0.4600518721554665,0.7788390009030941
1.652857905004679,1.098535122551152,0.8537001529378564
2.195842851457899,0.5756170141645227,0.6153865864057212
3.687436904009766,0.12120853299663326,0.2950252603451944
1.450749378027249,-1.832195106273455,-0.5180210557195333
1.4531174873952881,1.8739551103775351,0.9624240514615489
2.9762548676280187,1.1948567666182983,0.6276056265488665
1.863649969470248,-0.828711853196141,0.09165211141416776
0.9759588094659296,1.9198813174354026,0.9949732681297166
1.8645141129175042,0.4075263585452884,0.6380646100278684
0.6493423794812194,0.3296906328289859,0.9672503338102821
0.7879092473742708,0.9922927177181284,0.9873533025863126
2.0436343136839707,1.2470791523605502,0.8003375063432089
1.733809253067737,0.6259144293260106,0.7341960359791677
3.6678990141655903,-1.4876170145352,-0.1321640919004105
1.5133362065548692,-0.6469299760220064,0.22916285272270553
2.3642945660843697,1.712334561304199,0.8168266014266952
2.5658307228861683,-1.1015375526245923,-0.039552329626166345
0.15106838069450118,-0.5113319046499467,0.9969047822049492
2.6877957508651713,-0.271692468223216,0.26452564018825864
0.7943402707920305,-0.24238004122219126,0.741486210116211
3.8481742381308752,0.45175832997810206,0.3603246936808792
0.6797846382371405,1.7723033509788304,0.9994263873747535
1.7170340825353927,-1.0372291526699802,-0.02167884731728934
0.43286370550671105,-1.5139944947963277,-0.8297794934681264
3.9878095821991946,-1.2101180405602507,-0.052641382569915754
2.058560540291846,1.547699600837078,0.8447732020025875
2.422001567548171,0.583243250620824,0.5741502062310353
0.3615982618148672,-0.8563728430433595,0.37755140471264365
3.0248458345567935,1.263787755874469,0.6341920878202887
0.9186318130727844,1.4454799854537441,0.9903025477324835
3.6024117288187836,1.3860573547611121,0.5799251925830128
0.9000445978798279,1.6757061345582178,0.9947796217810894
0.8436821105882996,-0.9910359193065537,0.010624550739073703
0.24254370460757002,1.0201677149851132,0.9999998834595817
1.9410610859289972,-0.15784201090343997,0.40854607201055765
2.302880419724204,1.3679942115602461,0.7732155505163368
0.3562636937705742,0.9139627086464528,0.9999568796352846
3.1245577051105413,1.1057897859988985,0.5875709516291228
1.8678264555173076,0.624647350724286,0.7012757395969086
2.1451220503775623,-1.2902849221211725,-0.13450324161248997
1.8189747130590899,0.1801076755877533,0.5708455998200637
1.6629759374137714,1.9386789580980328,0.9432929741088518
2.2825972921020496,1.7495522659884757,0.8350437848115367
0.7054369591297788,-1.8273050568119533,-0.8251535041707221
0.8095197089315573,-1.3407407370822515,-0.3977028088362049
3.4609639219527173,-1.4730849061817524,-0.13584663230658606
3.7898503023211676,0.903919639941182,0.4639815930395397
1.5559063334910366,1.2711413194277803,0.8975924236619756
1.1559042252598597,-1.1459545347573123,-0.12560189460138207
2.6115982186321616,0.02341077180731599,0.3729724638578595
1.694063267282576,1.3628121120448,0.8842137959980862
0.19900678707534497,0.9312061790650024,0.9999999925518355
0.7089951297281424,0.16894882196739314,0.9286845545232507
2.8922916925048505,0.36139076183509156,0.4387616745718309
2.6698033734495903,0.03344218766511986,0.3688449512371905
0.20567437076358563,-0.8098061947247177,0.728128620268579
0.9656914315385028,0.26008797143606444,0.8629679599996551
1.0011917066934786,0.7555412082003627,0.9417670994193983
2.7203817000350408,1.4932916634432307,0.7242482566238263
0.17687109724202021,0.5451654159169923,0.9999999483653802
0.506023469739838,1.044486148172632,0.9993812197606851
3.2196727329554387,-1.359713460181708,-0.11126106825235389
0.796324182011901,-0.15377010232084043,0.7866836505827861
2.6457098206223115,-1.9626735206916268,-0.3486113272669777
1.0289128460822334,-1.013284541913508,-0.012910523796971739
0.4878214317614461,0.9058468604520193,0.9991920124142247
1.048371544897871,1.9672398053974538,0.9930637327104139
2.9168410342370708,-1.6032876016511364,-0.20392944128476287
3.4372162256145145,-0.394022736554847,0.17449474345528512
3.337857471811267,1.200283874796638,0.5778244298357357
1.649015765511974,-1.1838574614844046,-0.11103555140708786
2.70553203262552,0.22033979720914498,0.4227646302248666
0.8994387521217018,0.9322851841186992,0.9731374355938328
1.2432761480179517,0.46394180104071614,0.8266576289734267
3.5957096922323672,-1.2479010615383355,-0.0688345423634222
0.15070750169187053,-0.5784617252570423,0.9925882612503562
0.4334832703324255,1.1351671379415889,0.9998946386259998
0.9107563950695066,0.2169060565280665,0.8707441239346823
0.2034755951078969,-1.979081545828349,-0.9998677076269543
0.8075981968502095,1.0439630401123754,0.9874118376279707
2.3738620877817995,-1.8587545802390437,-0.3467582445275328
1.7435557473107421,0.9829351309249286,0.8135008232843921
3.5814196732002017,-1.1900777593390504,-0.05302352384031406
3.2880298907799195,1.8322939204775208,0.6969759349681053
1.4330876716217162,-0.5282369947916621,0.3177958261111181
1.1117513903820408,-0.6922735346476836,0.2699355589118493
1.580800391852341,-1.4044477986702213,-0.2504098299601598
2.40215027580775,-0.7775831380391405,0.09232704536133687
1.1454481992092174,1.5066030473128023,0.9751767571210632
2.534180740611623,1.9853373505089893,0.8268289618013565
1.6967054435458377,-0.5267618779726067,0.2719014226615775
2.252984005322723,-0.20555747618182973,0.33869519869444925
1.8008934636277352,0.8882837528109482,0.78123266567034
1.248416462213479,1.544783121860298,0.966643064581949
3.7989678971524112,0.3721773367471366,0.346268302641609
3.078062597223067,-0.43389720728868264,0.1818693380041161
0.6464413854891649,-0.349512636605505,0.7642102071255577
3.4870251060018598,0.7824725859872275,0.4708585284363508
2.000981673173103,-1.9871269455828853,-0.4568485521469684
3.5887536848869566,0.47835734983936273,0.39012012478939345
3.2194354981945295,-0.5780279582345704,0.13032474916840694
1.7583326674300106,1.176789325108337,0.8448799049179788
0.18763030244845785,-1.6280374407074714,-0.9975274459563204
1.1478417016012898,0.352809067793562,0.8269994132970064
2.212373437177381,-0.07610844045550502,0.3949083203010746
2.5705650573219745,0.5693021036209096,0.5444713397844543
1.105761973189489,-1.7405856220681266,-0.5848163258950222
0.6434886888840141,0.3199351497125251,0.9674729972689953
3.3562279235172667,0.24593835183809487,0.355068638060648
3.9391685047438534,0.24264037766468372,0.30539384312399775
2.150191710980475,0.41395066638581923,0.576759225704464
0.7695492148083836,0.7058717489054489,0.9765313022824974
1.161998573425539,1.219955998723079,0.9571243414095522
0.17172363853512027,-0.9207171194871426,0.43145962920838216
3.665765345585946,1.3001976407202482,0.5563151628141687
0.5592292232715504,-0.006977270946185499,0.9442306854951102
2.348414254505589,-1.6917668834626753,-0.2863334435273238
1.1688153606801035,-1.7657962830240832,-0.5751535574449881
2.2612942098115942,-0.6630467252157568,0.14791589534090155
2.6405395145722705,1.1395879084458702,0.6697471045281707
3.3359930344580864,0.830723738963663,0.4996047214424228
0.9050429598663525,1.1544598586896258,0.9830312968384479
0.14288373176807387,0.06907622576643746,0.9999993659481538
0.6338539572683484,-0.23920400817803777,0.8337369931936609
3.61007270320761,-1.4101898931748642,-0.11313725888090767
3.5081713024938095,-0.6872289855627538,0.08891952963277304
2.4299110984642023,-0.26392253530449894,0.2939858402295305
2.4420157556912483,-1.645598281281531,-0.2583793625389392
2.6936430307303962,-1.117552189155155,-0.04361291325815095
0.7839479866314534,0.39290117625495524,0.9443475194183154
3.666206589107343,0.9426524569567594,0.48528996334543384
1.7332050470790852,1.9933900455717986,0.9387103477672596
1.59424026017304,1.7324533253742307,0.9371307849199835
2.1237790506030665,0.5702607981407661,0.6287650289848012
0.28316727042271467,-0.315007786823712,0.9842799555310143
0.7485051381487097,0.5447094588329309,0.9682638850300261
2.978331104062845,1.142606472320928,0.6165364867340953
0.42291480490799327,-1.5266552363064507,-0.8469600431292967
2.452293226918914,-0.360380441214847,0.2550670887828623
1.0568615277571518,1.3592091425424688,0.9772423436734996
1.6182528947637085,-0.46466819226782397,0.31924706017074705
1.2259055734057296,0.28748908490874614,0.7818977498221731
1.4871235942133016,0.3510774434487929,0.7204198215563749
2.9042790302185573,-1.2620949874654426,-0.09000023397428285
1.2587746909303827,-0.5510582333908465,0.34225969827489905
2.3089780971578993,-0.6619548450322714,0.14536752362094502
1.9565965685764888,-1.8952131658717408,-0.4280737728989223
2.688317544914328,-1.903232944434579,-0.32388779467007145
3.7536359833665562,1.3267881747030938,0.5510415597444193
2.9570311791199764,-0.9077167601087504,0.03119794361626914
0.9382674765039514,0.07231506495526174,0.8153772922808503
0.2216142267390102,-0.8050977056449078,0.7061519648395157
1.122829772769318,1.762716980461362,0.9855217558816273
2.420803929730994,-0.962812964536905,0.01536023228749345
0.3005606725885763,-0.2813727490442597,0.9833793478761247
2.035828364084822,1.4909210019384074,0.8406958224645781
2.427687110775868,1.3677342671672346,0.7510260823357829
1.4035511741861473,-1.2555943286148907,-0.18011878850276847
3.1065575946087054,1.2105732391828417,0.6116684639259394
0.51573318722171,-0.1672524530484294,0.9238496282819195
0.3930373487696541,-0.06812451165857913,0.9827070288473125
2.939936149194053,-1.4660801103362249,-0.1572191616472529
2.032416133204174,-1.6775939449715014,-0.32156651468135833
2.7847693460681704,0.9117572278950608,0.5957318607666247
1.7958266205546103,-0.014155390578800997,0.49974353355360185
1.0609679296325165,-0.2525971895392818,0.6071871254448893
3.294499038929379,0.9180329146095869,0.5242572200812672
3.217721927979019,1.062051595964439,0.565472639040272
2.8093162363322643,-1.3643673293225858,-0.1289772402726536
1.1613660351968547,0.44090059791056513,0.845653589921154
2.4018996007894398,-1.4585836708892579,-0.18863884302235856
1.5077981980661046,1.0055003441161827,0.8692701997406709
0.4571700859738732,0.6278206250685581,0.9983858572777674
3.677522944302747,1.8264584843338318,0.6461010701501625
0.6335926605839495,-1.7241679345743153,-0.8154067568162197
3.8059256799011294,-1.7717811153949827,-0.2000494588107951
1.8394225145360275,-0.8712517012271994,0.06987978939564934
